{
  "prepare_queue": {
    "installed": [],
    "uninstalled": []
  },
  "config_munge": {
    "files": {
      "*-Info.plist": {
        "parents": {
          "CFBundleAllowMixedLocalizations": [
            {
              "xml": "<true />",
              "count": 1,
              "id": "config.xml"
            }
          ]
        }
      },
      "config.xml": {
        "parents": {
          "/*": [
            {
              "xml": "<feature name=\"Keyboard\"><param name=\"ios-package\" onload=\"true\" value=\"CDVKeyboard\" /></feature>",
              "count": 1
            },
            {
              "xml": "<feature name=\"SplashScreen\"><param name=\"ios-package\" value=\"CDVSplashScreen\" /><param name=\"onload\" value=\"true\" /></feature>",
              "count": 1
            },
            {
              "xml": "<feature name=\"StatusBar\"><param name=\"ios-package\" value=\"CDVStatusBar\" /><param name=\"onload\" value=\"true\" /></feature>",
              "count": 1
            },
            {
              "xml": "<preference name=\"StatusBarOverlaysWebView\" value=\"true\" />",
              "count": 1
            },
            {
              "xml": "<preference name=\"StatusBarStyle\" value=\"lightcontent\" />",
              "count": 1
            },
            {
              "xml": "<feature name=\"CDVWKWebViewEngine\"><param name=\"ios-package\" value=\"CDVWKWebViewEngine\" /></feature>",
              "count": 1
            },
            {
              "xml": "<preference name=\"CordovaWebViewEngine\" value=\"CDVWKWebViewEngine\" />",
              "count": 1
            },
            {
              "xml": "<feature name=\"CDVWKWebViewFileXhr\"><param name=\"ios-package\" value=\"CDVWKWebViewFileXhr\" /><param name=\"onload\" value=\"true\" /></feature>",
              "count": 1
            }
          ]
        }
      }
    }
  },
  "installed_plugins": {
    "cordova-plugin-keyboard": {
      "PACKAGE_NAME": "$(PRODUCT_BUNDLE_IDENTIFIER)"
    },
    "cordova-plugin-splashscreen": {
      "PACKAGE_NAME": "$(PRODUCT_BUNDLE_IDENTIFIER)"
    },
    "cordova-plugin-statusbar": {
      "PACKAGE_NAME": "$(PRODUCT_BUNDLE_IDENTIFIER)"
    },
    "cordova-plugin-wkwebview-engine": {
      "PACKAGE_NAME": "$(PRODUCT_BUNDLE_IDENTIFIER)"
    },
    "cordova-plugin-wkwebview-file-xhr": {
      "PACKAGE_NAME": "$(PRODUCT_BUNDLE_IDENTIFIER)"
    },
    "cordova-plugin-whitelist": {
      "PACKAGE_NAME": "$(PRODUCT_BUNDLE_IDENTIFIER)"
    }
  },
  "dependent_plugins": {},
  "modules": [
    {
      "id": "cordova-plugin-keyboard.keyboard",
      "file": "plugins/cordova-plugin-keyboard/www/keyboard.js",
      "pluginId": "cordova-plugin-keyboard",
      "clobbers": [
        "window.Keyboard"
      ]
    },
    {
      "id": "cordova-plugin-splashscreen.SplashScreen",
      "file": "plugins/cordova-plugin-splashscreen/www/splashscreen.js",
      "pluginId": "cordova-plugin-splashscreen",
      "clobbers": [
        "navigator.splashscreen"
      ]
    },
    {
      "id": "cordova-plugin-statusbar.statusbar",
      "file": "plugins/cordova-plugin-statusbar/www/statusbar.js",
      "pluginId": "cordova-plugin-statusbar",
      "clobbers": [
        "window.StatusBar"
      ]
    },
    {
      "id": "cordova-plugin-wkwebview-engine.ios-wkwebview-exec",
      "file": "plugins/cordova-plugin-wkwebview-engine/src/www/ios/ios-wkwebview-exec.js",
      "pluginId": "cordova-plugin-wkwebview-engine",
      "clobbers": [
        "cordova.exec"
      ]
    },
    {
      "id": "cordova-plugin-wkwebview-engine.ios-wkwebview",
      "file": "plugins/cordova-plugin-wkwebview-engine/src/www/ios/ios-wkwebview.js",
      "pluginId": "cordova-plugin-wkwebview-engine",
      "clobbers": [
        "window.WkWebView"
      ]
    },
    {
      "id": "cordova-plugin-wkwebview-file-xhr.formdata-polyfill",
      "file": "plugins/cordova-plugin-wkwebview-file-xhr/src/www/ios/formdata-polyfill.js",
      "pluginId": "cordova-plugin-wkwebview-file-xhr",
      "runs": true
    },
    {
      "id": "cordova-plugin-wkwebview-file-xhr.xhr-polyfill",
      "file": "plugins/cordova-plugin-wkwebview-file-xhr/src/www/ios/xhr-polyfill.js",
      "pluginId": "cordova-plugin-wkwebview-file-xhr",
      "runs": true
    },
    {
      "id": "cordova-plugin-wkwebview-file-xhr.fetch-bootstrap",
      "file": "plugins/cordova-plugin-wkwebview-file-xhr/src/www/ios/fetch-bootstrap.js",
      "pluginId": "cordova-plugin-wkwebview-file-xhr",
      "runs": true
    },
    {
      "id": "cordova-plugin-wkwebview-file-xhr.fetch-polyfill",
      "file": "plugins/cordova-plugin-wkwebview-file-xhr/src/www/ios/whatwg-fetch-2.0.3.js",
      "pluginId": "cordova-plugin-wkwebview-file-xhr",
      "runs": true
    }
  ],
  "plugin_metadata": {
    "cordova-plugin-keyboard": "1.2.0",
    "cordova-plugin-splashscreen": "5.0.3",
    "cordova-plugin-statusbar": "2.4.3",
    "cordova-plugin-wkwebview-engine": "1.2.1",
    "cordova-plugin-wkwebview-file-xhr": "2.1.1",
    "cordova-plugin-whitelist": "1.3.4"
  }
}
